{
    "labels": [
        42368,
        65985,
        72601,
        86928,
        86935,
        143402,
        154924,
        162377,
        165238,
        166535,
        168077,
        169223,
        181570,
        188715,
        206400,
        226485,
        226698,
        231587,
        232186,
        242707,
        248435,
        250325,
        252663,
        263021,
        265997,
        306600,
        311333,
        312248,
        324770,
        326415,
        333155,
        335662,
        341192,
        345371,
        350671,
        352628,
        353876,
        366512,
        516907,
        525655,
        540323,
        570262,
        583268,
        588450,
        596017,
        615807,
        620354,
        620486,
        626515,
        636322,
        638723,
        641433,
        644336,
        650291,
        655559,
        658441,
        670663,
        679508,
        680082,
        692728,
        694265,
        694757,
        695206,
        705275,
        707624,
        708566,
        712074,
        713147,
        715850,
        733753,
        750387,
        756873,
        757655,
        757895,
        758135,
        766287,
        766372,
        773941,
        836367,
        837606,
        840302,
        846663,
        886222,
        886979,
        890469,
        891833,
        893147,
        907192,
        914690,
        921784,
        932235,
        934558,
        942462,
        946727,
        946762,
        957433,
        959361,
        997617
    ],
    "valorVentas": [
        [
            0.79,
            0.7901298701298701
        ],
        [
            0.9,
            0.968871158392435
        ],
        [
            0.923,
            0.9508530106257379
        ],
        [
            1.073,
            0.9878831168831168
        ],
        [
            0.948,
            0.9889760638297872
        ],
        [
            0.885,
            0.9110551948051948
        ],
        [
            1.023,
            0.9328689492325856
        ],
        [
            0.964,
            0.9999911452184179
        ],
        [
            0.937,
            1.0144716646989373
        ],
        [
            0.912,
            0.9060204081632653
        ],
        [
            0.845,
            0.9681323529411765
        ],
        [
            0.855,
            0.9705668449197861
        ],
        [
            0.761,
            0.9129837662337663
        ],
        [
            1.054,
            0.9730519480519481
        ],
        [
            0.936,
            0.9421403743315508
        ],
        [
            0.964,
            1.0649503437738732
        ],
        [
            1.09,
            1.000775401069519
        ],
        [
            1.028,
            0.9448636363636365
        ],
        [
            0.878,
            0.8968831168831168
        ],
        [
            1.04,
            1.0084090909090908
        ],
        [
            1.043,
            1.0142916174734358
        ],
        [
            0.902,
            0.9305032467532467
        ],
        [
            0.844,
            0.9733677685950413
        ],
        [
            0.931,
            0.9379025974025974
        ],
        [
            0.969,
            1.0084675324675325
        ],
        [
            0.875,
            0.9593270365997639
        ],
        [
            0.994,
            0.9110613952020201
        ],
        [
            0.763,
            1.0117296340023614
        ],
        [
            0.989,
            1.055057142857143
        ],
        [
            0.885,
            0.9431345926800473
        ],
        [
            1.479,
            1.3793238095238094
        ],
        [
            0.824,
            0.9820932009167304
        ],
        [
            0.902,
            0.975474025974026
        ],
        [
            0.912,
            0.9803069657615112
        ],
        [
            1.085,
            0.982706611570248
        ],
        [
            0.969,
            1.0301720779220778
        ],
        [
            1.085,
            1.0497391304347825
        ],
        [
            0.915,
            0.8844558823529411
        ],
        [
            0.849,
            0.9473597678916827
        ],
        [
            1.122,
            1.0061168831168832
        ],
        [
            1.012,
            0.9661687184343435
        ],
        [
            0.844,
            0.9747166469893743
        ],
        [
            1.032,
            1.0397402597402596
        ],
        [
            1.09,
            1.0474427244582043
        ],
        [
            1.045,
            0.9822566844919786
        ],
        [
            0.975,
            0.9791016042780748
        ],
        [
            0.975,
            0.9119819004524887
        ],
        [
            1.08,
            1.0091558441558441
        ],
        [
            0.853,
            0.9870374331550802
        ],
        [
            1.13,
            1.0105708556149733
        ],
        [
            0.873,
            0.9621162927981111
        ],
        [
            1.085,
            1.0338931523022432
        ],
        [
            1.085,
            0.956835891381346
        ],
        [
            1.035,
            0.9536428571428571
        ],
        [
            0.966,
            0.9315348288075561
        ],
        [
            0.772,
            0.88670333655706
        ],
        [
            0.905,
            0.983379574970484
        ],
        [
            0.961,
            0.9795140232108317
        ],
        [
            0.925,
            0.9129411764705883
        ],
        [
            0.956,
            0.9541428916827853
        ],
        [
            0.797,
            0.9602272727272727
        ],
        [
            0.918,
            0.91674064171123
        ],
        [
            1.015,
            0.9444285714285714
        ],
        [
            0.797,
            0.90336186540732
        ],
        [
            0.932,
            1.0063903743315508
        ],
        [
            1.117,
            1.0537824675324676
        ],
        [
            0.961,
            0.9857724854932302
        ],
        [
            1.021,
            0.9565
        ],
        [
            0.805,
            0.9559675324675324
        ],
        [
            0.912,
            0.9569598583234947
        ],
        [
            0.914,
            0.9025227272727273
        ],
        [
            0.965,
            1.0407359307359307
        ],
        [
            0.991,
            0.901461038961039
        ],
        [
            0.853,
            0.9435347593582888
        ],
        [
            1.391,
            1.432939393939394
        ],
        [
            0.939,
            1.0116233766233766
        ],
        [
            1.024,
            0.965889037433155
        ],
        [
            0.912,
            0.9511525974025974
        ],
        [
            1.057,
            0.9978705882352941
        ],
        [
            1.08,
            0.9825721925133689
        ],
        [
            0.989,
            0.9896038961038961
        ],
        [
            0.893,
            0.9708202323991798
        ],
        [
            1.093,
            1.0243961038961038
        ],
        [
            0.97,
            1.0206903622693095
        ],
        [
            0.961,
            0.9374025974025973
        ],
        [
            0.966,
            0.9993860684769775
        ],
        [
            0.797,
            0.9379545454545455
        ],
        [
            0.912,
            0.9497197539302802
        ],
        [
            0.797,
            0.8649645808736718
        ],
        [
            0.902,
            0.9888603896103896
        ],
        [
            0.954,
